ref_of,ref_produit,ref_machine,ref_campagne,debut_planifie,fin_planifiee,quantite_lot,statut,priorite
OF-00001,PRD-001,MCH-001,CMP-0001,2026-01-13 00:00,2026-01-13 05:54,2000,Terminé,Haute
OF-00002,PRD-001,MCH-006,CMP-0001,2026-01-23 05:54,2026-01-23 23:18,3000,Planifié,Critique
OF-00003,PRD-001,MCH-001,CMP-0001,2026-01-25 23:18,2026-01-26 03:12,1000,Confirmé,Haute
OF-00004,PRD-001,MCH-016,CMP-0002,2026-02-04 03:12,2026-02-04 11:54,1000,Confirmé,Critique
OF-00005,PRD-001,MCH-001,CMP-0002,2026-02-07 11:54,2026-02-07 17:48,2000,Terminé,Critique
OF-00006,PRD-001,MCH-001,CMP-0002,2026-02-13 17:48,2026-02-14 01:42,3000,Terminé,Normale
OF-00007,PRD-001,MCH-016,CMP-0002,2026-02-18 01:42,2026-02-18 11:24,2000,Planifié,Normale
OF-00008,PRD-001,MCH-001,CMP-0003,2026-02-23 11:24,2026-02-23 15:18,1000,Terminé,Haute
OF-00009,PRD-001,MCH-006,CMP-0003,2026-02-24 15:18,2026-02-25 08:42,3000,Planifié,Critique
OF-00010,PRD-001,MCH-001,CMP-0003,2026-03-04 08:42,2026-03-04 14:36,2000,Planifié,Normale
OF-00011,PRD-002,MCH-010,CMP-0003,2026-01-18 00:00,2026-01-18 07:30,1000,En cours,Normale
OF-00012,PRD-002,MCH-015,CMP-0004,2026-01-20 07:30,2026-01-20 12:48,1500,Terminé,Normale
OF-00013,PRD-002,MCH-010,CMP-0004,2026-01-22 12:48,2026-01-22 17:48,500,Terminé,Haute
OF-00014,PRD-002,MCH-015,CMP-0004,2026-02-01 17:48,2026-02-01 23:06,1500,Planifié,Haute
OF-00015,PRD-002,MCH-015,CMP-0004,2026-02-02 23:06,2026-02-03 03:54,1000,En cours,Haute
OF-00016,PRD-002,MCH-005,CMP-0005,2026-02-11 03:54,2026-02-11 10:42,1000,Confirmé,Haute
OF-00017,PRD-002,MCH-005,CMP-0005,2026-02-18 10:42,2026-02-18 20:00,1500,Confirmé,Haute
OF-00018,PRD-002,MCH-015,CMP-0005,2026-02-20 20:00,2026-02-21 00:48,1000,En cours,Critique
OF-00019,PRD-002,MCH-005,CMP-0005,2026-02-23 00:48,2026-02-23 07:36,1000,Planifié,Critique
OF-00020,PRD-002,MCH-015,CMP-0006,2026-02-26 07:36,2026-02-26 12:24,1000,Planifié,Normale
OF-00021,PRD-002,MCH-005,CMP-0006,2026-02-28 12:24,2026-02-28 19:12,1000,Confirmé,Haute
OF-00022,PRD-002,MCH-005,CMP-0006,2026-03-02 19:12,2026-03-02 23:30,500,Planifié,Haute
OF-00023,PRD-003,MCH-010,CMP-0006,2026-01-17 00:00,2026-01-19 04:30,10000,Planifié,Haute
OF-00024,PRD-003,MCH-005,CMP-0007,2026-01-28 04:30,2026-02-03 12:18,30000,Confirmé,Haute
OF-00025,PRD-003,MCH-005,CMP-0007,2026-02-10 12:18,2026-02-14 18:06,20000,Confirmé,Normale
OF-00026,PRD-003,MCH-005,CMP-0007,2026-02-23 18:06,2026-03-02 01:54,30000,Confirmé,Critique
OF-00027,PRD-003,MCH-005,CMP-0007,2026-03-09 01:54,2026-03-11 05:42,10000,Planifié,Haute
OF-00028,PRD-003,MCH-005,CMP-0008,2026-03-19 05:42,2026-03-21 09:30,10000,Planifié,Haute
OF-00029,PRD-003,MCH-010,CMP-0008,2026-03-28 09:30,2026-04-01 16:00,20000,En cours,Haute
OF-00030,PRD-003,MCH-005,CMP-0008,2026-04-06 16:00,2026-04-12 23:48,30000,Confirmé,Critique
OF-00031,PRD-003,MCH-005,CMP-0008,2026-04-22 23:48,2026-04-27 05:36,20000,Planifié,Haute
OF-00032,PRD-003,MCH-010,CMP-0009,2026-04-28 05:36,2026-05-02 12:06,20000,Terminé,Haute
OF-00033,PRD-003,MCH-010,CMP-0009,2026-05-08 12:06,2026-05-12 18:36,20000,Confirmé,Critique
OF-00034,PRD-003,MCH-005,CMP-0009,2026-05-22 18:36,2026-05-27 00:24,20000,Planifié,Critique
OF-00035,PRD-003,MCH-010,CMP-0009,2026-05-31 00:24,2026-06-04 06:54,20000,Planifié,Haute
OF-00036,PRD-003,MCH-010,CMP-0010,2026-06-10 06:54,2026-06-16 15:24,30000,Confirmé,Haute
OF-00037,PRD-004,MCH-016,CMP-0010,2026-01-11 00:00,2026-01-11 12:42,5000,Terminé,Haute
OF-00038,PRD-004,MCH-001,CMP-0010,2026-01-17 12:42,2026-01-18 05:36,7500,Planifié,Critique
OF-00039,PRD-004,MCH-001,CMP-0010,2026-01-21 05:36,2026-01-21 22:30,7500,Confirmé,Critique
OF-00040,PRD-004,MCH-016,CMP-0011,2026-01-25 22:30,2026-01-26 11:12,5000,Terminé,Normale
OF-00041,PRD-004,MCH-016,CMP-0011,2026-02-02 11:12,2026-02-02 21:24,2500,Confirmé,Normale
OF-00042,PRD-004,MCH-006,CMP-0011,2026-02-07 21:24,2026-02-09 13:18,7500,Confirmé,Haute
OF-00043,PRD-004,MCH-016,CMP-0011,2026-02-11 13:18,2026-02-12 04:30,7500,Confirmé,Haute
OF-00044,PRD-004,MCH-016,CMP-0012,2026-02-21 04:30,2026-02-21 19:42,7500,Planifié,Haute
OF-00045,PRD-004,MCH-001,CMP-0012,2026-03-02 19:42,2026-03-03 02:36,2500,En cours,Critique
OF-00046,PRD-005,MCH-014,CMP-0012,2026-01-21 00:00,2026-01-25 05:12,10000,Confirmé,Critique
OF-00047,PRD-005,MCH-009,CMP-0012,2026-02-01 05:12,2026-02-05 14:18,20000,Planifié,Normale
OF-00048,PRD-005,MCH-004,CMP-0013,2026-02-10 14:18,2026-02-12 04:12,30000,En cours,Critique
OF-00049,PRD-005,MCH-014,CMP-0013,2026-02-22 04:12,2026-03-06 17:24,30000,Planifié,Haute
OF-00050,PRD-005,MCH-009,CMP-0013,2026-03-13 17:24,2026-03-20 04:30,30000,Confirmé,Critique
OF-00051,PRD-005,MCH-009,CMP-0013,2026-03-23 04:30,2026-03-25 11:36,10000,Confirmé,Haute
OF-00052,PRD-005,MCH-004,CMP-0014,2026-04-01 11:36,2026-04-02 05:30,10000,Terminé,Critique
OF-00053,PRD-005,MCH-009,CMP-0014,2026-04-05 05:30,2026-04-09 14:36,20000,Planifié,Normale
OF-00054,PRD-006,MCH-010,CMP-0014,2026-01-12 00:00,2026-01-12 05:00,500,Confirmé,Critique
OF-00055,PRD-006,MCH-010,CMP-0014,2026-01-20 05:00,2026-01-20 10:00,500,Planifié,Critique
OF-00056,PRD-006,MCH-005,CMP-0015,2026-01-22 10:00,2026-01-22 16:48,1000,Confirmé,Critique
OF-00057,PRD-006,MCH-015,CMP-0015,2026-01-25 16:48,2026-01-25 21:06,500,Confirmé,Critique
OF-00058,PRD-006,MCH-010,CMP-0015,2026-01-28 21:06,2026-01-29 07:06,1500,Confirmé,Haute
OF-00059,PRD-006,MCH-010,CMP-0015,2026-02-02 07:06,2026-02-02 17:06,1500,Planifié,Critique
OF-00060,PRD-006,MCH-010,CMP-0016,2026-02-09 17:06,2026-02-09 22:06,500,En cours,Normale
OF-00061,PRD-006,MCH-015,CMP-0016,2026-02-17 22:06,2026-02-18 02:54,1000,Planifié,Critique
OF-00062,PRD-006,MCH-005,CMP-0016,2026-02-22 02:54,2026-02-22 09:42,1000,En cours,Normale
OF-00063,PRD-006,MCH-005,CMP-0016,2026-03-04 09:42,2026-03-04 19:00,1500,Planifié,Haute
OF-00064,PRD-006,MCH-010,CMP-0017,2026-03-08 19:00,2026-03-09 00:00,500,Planifié,Haute
OF-00065,PRD-006,MCH-015,CMP-0017,2026-03-18 00:00,2026-03-18 04:48,1000,Confirmé,Critique
OF-00066,PRD-006,MCH-015,CMP-0017,2026-03-25 04:48,2026-03-25 09:06,500,Planifié,Haute
OF-00067,PRD-007,MCH-001,CMP-0017,2026-01-10 00:00,2026-01-10 04:54,1500,Planifié,Normale
OF-00068,PRD-007,MCH-011,CMP-0018,2026-01-14 04:54,2026-01-14 17:00,500,Planifié,Critique
OF-00069,PRD-007,MCH-016,CMP-0018,2026-01-17 17:00,2026-01-18 01:42,1000,Confirmé,Critique
OF-00070,PRD-007,MCH-016,CMP-0018,2026-01-25 01:42,2026-01-25 09:54,500,Confirmé,Critique
OF-00071,PRD-007,MCH-006,CMP-0018,2026-01-28 09:54,2026-01-28 17:18,1000,Planifié,Normale
OF-00072,PRD-007,MCH-016,CMP-0019,2026-02-03 17:18,2026-02-04 02:30,1500,Planifié,Haute
OF-00073,PRD-007,MCH-016,CMP-0019,2026-02-05 02:30,2026-02-05 10:42,500,Planifié,Haute
OF-00074,PRD-007,MCH-016,CMP-0019,2026-02-14 10:42,2026-02-14 19:24,1000,Confirmé,Haute
OF-00075,PRD-008,MCH-004,CMP-0019,2026-01-06 00:00,2026-01-06 15:24,7500,Planifié,Normale
OF-00076,PRD-008,MCH-004,CMP-0020,2026-01-11 15:24,2026-01-12 04:18,5000,Planifié,Haute
OF-00077,PRD-008,MCH-009,CMP-0020,2026-01-15 04:18,2026-01-16 22:54,7500,En cours,Haute
OF-00078,PRD-008,MCH-014,CMP-0020,2026-01-25 22:54,2026-01-27 01:06,2500,Confirmé,Haute
OF-00079,PRD-008,MCH-009,CMP-0020,2026-02-05 01:06,2026-02-06 19:42,7500,Terminé,Normale
OF-00080,PRD-008,MCH-014,CMP-0021,2026-02-14 19:42,2026-02-15 21:54,2500,Terminé,Normale
OF-00081,PRD-008,MCH-009,CMP-0021,2026-02-19 21:54,2026-02-20 15:30,2500,Confirmé,Haute
OF-00082,PRD-008,MCH-009,CMP-0021,2026-02-22 15:30,2026-02-23 09:06,2500,En cours,Normale
OF-00083,PRD-008,MCH-014,CMP-0021,2026-02-27 09:06,2026-03-02 13:18,7500,Confirmé,Critique
OF-00084,PRD-008,MCH-014,CMP-0022,2026-03-12 13:18,2026-03-14 16:30,5000,Planifié,Normale
OF-00085,PRD-008,MCH-004,CMP-0022,2026-03-18 16:30,2026-03-19 02:54,2500,Confirmé,Critique
OF-00086,PRD-008,MCH-014,CMP-0022,2026-03-24 02:54,2026-03-27 07:06,7500,Planifié,Critique
OF-00087,PRD-008,MCH-009,CMP-0022,2026-04-01 07:06,2026-04-03 01:42,7500,Planifié,Critique
OF-00088,PRD-009,MCH-001,CMP-0023,2026-01-14 00:00,2026-01-14 05:54,2000,Terminé,Normale
OF-00089,PRD-009,MCH-006,CMP-0023,2026-01-17 05:54,2026-01-17 13:18,1000,En cours,Normale
OF-00090,PRD-009,MCH-016,CMP-0023,2026-01-24 13:18,2026-01-24 22:00,1000,Confirmé,Haute
OF-00091,PRD-009,MCH-016,CMP-0023,2026-01-31 22:00,2026-02-01 07:42,2000,Planifié,Normale
OF-00092,PRD-009,MCH-011,CMP-0024,2026-02-08 07:42,2026-02-09 20:48,3000,Terminé,Haute
OF-00093,PRD-009,MCH-016,CMP-0024,2026-02-17 20:48,2026-02-18 06:30,2000,Confirmé,Critique
OF-00094,PRD-009,MCH-016,CMP-0024,2026-02-20 06:30,2026-02-20 17:12,3000,Confirmé,Haute
OF-00095,PRD-009,MCH-016,CMP-0024,2026-02-22 17:12,2026-02-23 01:54,1000,Terminé,Normale
OF-00096,PRD-010,MCH-010,CMP-0025,2026-01-11 00:00,2026-01-11 07:30,1000,Confirmé,Normale
OF-00097,PRD-010,MCH-010,CMP-0025,2026-01-21 07:30,2026-01-21 15:00,1000,Terminé,Normale
OF-00098,PRD-010,MCH-005,CMP-0025,2026-01-22 15:00,2026-01-23 00:18,1500,En cours,Haute
OF-00099,PRD-010,MCH-005,CMP-0025,2026-01-24 00:18,2026-01-24 04:36,500,Confirmé,Normale
OF-00100,PRD-010,MCH-005,CMP-0026,2026-01-31 04:36,2026-01-31 13:54,1500,Terminé,Critique
OF-00101,PRD-010,MCH-005,CMP-0026,2026-02-05 13:54,2026-02-05 20:42,1000,Planifié,Haute
OF-00102,PRD-010,MCH-005,CMP-0026,2026-02-10 20:42,2026-02-11 03:30,1000,Confirmé,Critique
OF-00103,PRD-010,MCH-005,CMP-0026,2026-02-14 03:30,2026-02-14 10:18,1000,Confirmé,Critique
OF-00104,PRD-010,MCH-010,CMP-0027,2026-02-18 10:18,2026-02-18 20:18,1500,Planifié,Normale
OF-00105,PRD-010,MCH-005,CMP-0027,2026-02-19 20:18,2026-02-20 03:06,1000,Planifié,Critique
OF-00106,PRD-011,MCH-003,CMP-0027,2026-01-15 00:00,2026-01-17 09:12,2500,Confirmé,Normale
OF-00107,PRD-011,MCH-008,CMP-0027,2026-01-24 09:12,2026-01-24 20:06,5000,Planifié,Haute
OF-00108,PRD-011,MCH-003,CMP-0028,2026-01-26 20:06,2026-01-29 05:18,2500,Planifié,Haute
OF-00109,PRD-011,MCH-018,CMP-0028,2026-02-01 05:18,2026-02-03 11:54,2500,Confirmé,Critique
OF-00110,PRD-011,MCH-003,CMP-0028,2026-02-06 11:54,2026-02-13 01:06,7500,Confirmé,Critique
OF-00111,PRD-011,MCH-018,CMP-0028,2026-02-16 01:06,2026-02-20 09:42,5000,En cours,Critique
OF-00112,PRD-011,MCH-018,CMP-0029,2026-02-23 09:42,2026-03-01 20:18,7500,Confirmé,Normale
OF-00113,PRD-011,MCH-003,CMP-0029,2026-03-03 20:18,2026-03-06 05:30,2500,En cours,Critique
OF-00114,PRD-011,MCH-013,CMP-0029,2026-03-13 05:30,2026-03-13 22:36,5000,Planifié,Normale
OF-00115,PRD-011,MCH-013,CMP-0029,2026-03-17 22:36,2026-03-18 20:42,7500,Planifié,Critique
OF-00116,PRD-011,MCH-013,CMP-0030,2026-03-28 20:42,2026-03-29 18:48,7500,Planifié,Critique
OF-00117,PRD-011,MCH-008,CMP-0030,2026-04-03 18:48,2026-04-04 08:12,7500,Confirmé,Normale
OF-00118,PRD-011,MCH-013,CMP-0030,2026-04-11 08:12,2026-04-12 06:18,7500,Planifié,Normale
OF-00119,PRD-011,MCH-018,CMP-0030,2026-04-20 06:18,2026-04-22 12:54,2500,Planifié,Critique
OF-00120,PRD-012,MCH-004,CMP-0031,2026-01-17 00:00,2026-01-17 09:54,2000,Terminé,Normale
OF-00121,PRD-012,MCH-014,CMP-0031,2026-01-24 09:54,2026-01-25 07:06,2000,Planifié,Critique
OF-00122,PRD-012,MCH-009,CMP-0031,2026-01-28 07:06,2026-01-28 17:12,1000,Planifié,Normale
OF-00123,PRD-012,MCH-009,CMP-0031,2026-01-29 17:12,2026-01-30 03:18,1000,Planifié,Normale
OF-00124,PRD-012,MCH-014,CMP-0032,2026-02-06 03:18,2026-02-07 00:30,2000,Confirmé,Critique
OF-00125,PRD-012,MCH-009,CMP-0032,2026-02-14 00:30,2026-02-14 20:36,3000,Confirmé,Critique
OF-00126,PRD-012,MCH-014,CMP-0032,2026-02-23 20:36,2026-02-25 03:48,3000,Planifié,Normale
OF-00127,PRD-013,MCH-004,CMP-0032,2026-01-17 00:00,2026-01-17 08:54,1000,Confirmé,Haute
OF-00128,PRD-013,MCH-014,CMP-0033,2026-01-27 08:54,2026-01-28 16:06,3000,Confirmé,Normale
OF-00129,PRD-013,MCH-014,CMP-0033,2026-02-02 16:06,2026-02-03 13:18,2000,En cours,Normale
OF-00130,PRD-013,MCH-004,CMP-0033,2026-02-04 13:18,2026-02-04 22:12,1000,Terminé,Normale
OF-00131,PRD-013,MCH-014,CMP-0033,2026-02-12 22:12,2026-02-14 05:24,3000,Planifié,Critique
OF-00132,PRD-013,MCH-004,CMP-0034,2026-02-17 05:24,2026-02-17 14:18,1000,En cours,Critique
OF-00133,PRD-013,MCH-004,CMP-0034,2026-02-18 14:18,2026-02-19 00:12,2000,Terminé,Critique
OF-00134,PRD-014,MCH-012,CMP-0034,2026-01-06 00:00,2026-01-06 16:36,5000,En cours,Haute
OF-00135,PRD-014,MCH-002,CMP-0034,2026-01-08 16:36,2026-01-09 10:36,10000,Terminé,Haute
OF-00136,PRD-014,MCH-002,CMP-0035,2026-01-18 10:36,2026-01-19 04:36,10000,En cours,Critique
OF-00137,PRD-014,MCH-017,CMP-0035,2026-01-21 04:36,2026-01-22 05:48,10000,Confirmé,Normale
OF-00138,PRD-014,MCH-007,CMP-0035,2026-01-30 05:48,2026-01-31 08:36,10000,Planifié,Normale
OF-00139,PRD-014,MCH-002,CMP-0035,2026-02-10 08:36,2026-02-10 21:36,5000,En cours,Normale
OF-00140,PRD-014,MCH-002,CMP-0036,2026-02-11 21:36,2026-02-12 10:36,5000,Planifié,Haute
OF-00141,PRD-014,MCH-007,CMP-0036,2026-02-19 10:36,2026-02-20 03:24,5000,Terminé,Normale
OF-00142,PRD-014,MCH-017,CMP-0036,2026-03-01 03:24,2026-03-01 18:36,5000,Planifié,Haute
OF-00143,PRD-014,MCH-012,CMP-0036,2026-03-07 18:36,2026-03-08 11:12,5000,Confirmé,Normale
OF-00144,PRD-015,MCH-004,CMP-0037,2026-01-06 00:00,2026-01-06 09:24,1500,Terminé,Haute
OF-00145,PRD-015,MCH-009,CMP-0037,2026-01-08 09:24,2026-01-08 19:30,1000,En cours,Haute
OF-00146,PRD-015,MCH-004,CMP-0037,2026-01-14 19:30,2026-01-15 04:54,1500,Confirmé,Haute
OF-00147,PRD-015,MCH-009,CMP-0037,2026-01-19 04:54,2026-01-19 17:30,1500,En cours,Critique
OF-00148,PRD-015,MCH-004,CMP-0038,2026-01-29 17:30,2026-01-30 02:24,1000,Planifié,Haute
OF-00149,PRD-015,MCH-014,CMP-0038,2026-02-03 02:24,2026-02-03 18:36,1500,En cours,Normale
OF-00150,PRD-016,MCH-001,CMP-0038,2026-01-14 00:00,2026-01-14 11:54,5000,Confirmé,Critique
OF-00151,PRD-016,MCH-011,CMP-0038,2026-01-15 11:54,2026-01-17 21:00,5000,En cours,Haute
OF-00152,PRD-016,MCH-001,CMP-0039,2026-01-22 21:00,2026-01-23 08:54,5000,Confirmé,Normale
OF-00153,PRD-016,MCH-016,CMP-0039,2026-01-30 08:54,2026-01-30 21:36,5000,Terminé,Normale
OF-00154,PRD-016,MCH-001,CMP-0039,2026-02-04 21:36,2026-02-05 09:30,5000,Terminé,Critique
OF-00155,PRD-016,MCH-011,CMP-0039,2026-02-12 09:30,2026-02-16 20:36,10000,Terminé,Normale
OF-00156,PRD-017,MCH-005,CMP-0040,2026-01-17 00:00,2026-01-23 07:48,30000,Terminé,Normale
OF-00157,PRD-017,MCH-015,CMP-0040,2026-02-02 07:48,2026-02-02 21:36,10000,Confirmé,Normale
OF-00158,PRD-017,MCH-010,CMP-0040,2026-02-06 21:36,2026-02-11 04:06,20000,Terminé,Haute
OF-00159,PRD-017,MCH-010,CMP-0040,2026-02-17 04:06,2026-02-21 10:36,20000,Planifié,Normale
OF-00160,PRD-017,MCH-005,CMP-0041,2026-02-25 10:36,2026-03-03 18:24,30000,Planifié,Normale
OF-00161,PRD-017,MCH-010,CMP-0041,2026-03-06 18:24,2026-03-11 00:54,20000,Planifié,Normale
OF-00162,PRD-017,MCH-010,CMP-0041,2026-03-20 00:54,2026-03-22 05:24,10000,Confirmé,Haute
OF-00163,PRD-018,MCH-005,CMP-0041,2026-01-03 00:00,2026-01-09 07:48,30000,Planifié,Critique
OF-00164,PRD-018,MCH-005,CMP-0042,2026-01-19 07:48,2026-01-21 11:36,10000,Terminé,Haute
OF-00165,PRD-018,MCH-005,CMP-0042,2026-01-24 11:36,2026-01-30 19:24,30000,Planifié,Haute
OF-00166,PRD-018,MCH-015,CMP-0042,2026-02-06 19:24,2026-02-07 09:12,10000,Confirmé,Haute
OF-00167,PRD-018,MCH-005,CMP-0042,2026-02-10 09:12,2026-02-14 15:00,20000,Terminé,Critique
OF-00168,PRD-018,MCH-005,CMP-0043,2026-02-23 15:00,2026-02-25 18:48,10000,Confirmé,Normale
OF-00169,PRD-018,MCH-005,CMP-0043,2026-02-27 18:48,2026-03-01 22:36,10000,Terminé,Normale
OF-00170,PRD-019,MCH-013,CMP-0043,2026-01-13 00:00,2026-01-15 19:06,30000,Confirmé,Critique
OF-00171,PRD-019,MCH-013,CMP-0043,2026-01-17 19:06,2026-01-18 22:12,10000,Planifié,Normale
OF-00172,PRD-019,MCH-018,CMP-0044,2026-01-22 22:12,2026-01-31 10:48,10000,Planifié,Haute
OF-00173,PRD-019,MCH-003,CMP-0044,2026-02-02 10:48,2026-02-19 10:00,20000,Planifié,Critique
OF-00174,PRD-019,MCH-018,CMP-0044,2026-02-26 10:00,2026-03-15 06:36,20000,Planifié,Critique
OF-00175,PRD-019,MCH-008,CMP-0044,2026-03-22 06:36,2026-03-23 08:30,20000,Planifié,Normale
OF-00176,PRD-019,MCH-013,CMP-0045,2026-03-28 08:30,2026-03-30 07:36,20000,Terminé,Normale
OF-00177,PRD-019,MCH-008,CMP-0045,2026-04-09 07:36,2026-04-10 19:30,30000,Planifié,Haute
OF-00178,PRD-019,MCH-018,CMP-0045,2026-04-19 19:30,2026-04-28 08:06,10000,Planifié,Haute
OF-00179,PRD-020,MCH-006,CMP-0045,2026-01-07 00:00,2026-01-10 05:24,15000,Terminé,Critique
OF-00180,PRD-020,MCH-016,CMP-0046,2026-01-11 05:24,2026-01-12 04:06,15000,Planifié,Critique
OF-00181,PRD-020,MCH-011,CMP-0046,2026-01-20 04:06,2026-01-26 17:12,15000,Confirmé,Haute
OF-00182,PRD-020,MCH-006,CMP-0046,2026-01-31 17:12,2026-02-01 20:36,5000,Planifié,Normale
OF-00183,PRD-020,MCH-011,CMP-0046,2026-02-02 20:36,2026-02-05 05:42,5000,Terminé,Haute
OF-00184,PRD-020,MCH-011,CMP-0047,2026-02-14 05:42,2026-02-20 18:48,15000,Terminé,Normale
OF-00185,PRD-020,MCH-006,CMP-0047,2026-02-22 18:48,2026-02-26 00:12,15000,Planifié,Critique
OF-00186,PRD-020,MCH-006,CMP-0047,2026-02-27 00:12,2026-03-02 05:36,15000,Terminé,Haute
OF-00187,PRD-020,MCH-006,CMP-0047,2026-03-08 05:36,2026-03-09 09:00,5000,Planifié,Haute
OF-00188,PRD-020,MCH-001,CMP-0048,2026-03-15 09:00,2026-03-16 16:54,15000,En cours,Critique
OF-00189,PRD-020,MCH-006,CMP-0048,2026-03-26 16:54,2026-03-29 22:18,15000,Terminé,Haute
OF-00190,PRD-020,MCH-011,CMP-0048,2026-04-07 22:18,2026-04-10 07:24,5000,Confirmé,Normale
OF-00191,PRD-021,MCH-005,CMP-0048,2026-01-20 00:00,2026-01-22 03:48,10000,Confirmé,Normale
OF-00192,PRD-021,MCH-015,CMP-0049,2026-01-28 03:48,2026-01-28 17:36,10000,Terminé,Haute
OF-00193,PRD-021,MCH-010,CMP-0049,2026-01-31 17:36,2026-02-02 22:06,10000,Planifié,Critique
OF-00194,PRD-021,MCH-005,CMP-0049,2026-02-05 22:06,2026-02-12 05:54,30000,Terminé,Normale
OF-00195,PRD-021,MCH-015,CMP-0049,2026-02-18 05:54,2026-02-19 15:42,30000,Planifié,Normale
OF-00196,PRD-021,MCH-010,CMP-0050,2026-02-25 15:42,2026-03-01 22:12,20000,Planifié,Normale
OF-00197,PRD-021,MCH-015,CMP-0050,2026-03-08 22:12,2026-03-09 22:00,20000,Confirmé,Normale
OF-00198,PRD-021,MCH-015,CMP-0050,2026-03-18 22:00,2026-03-20 07:48,30000,En cours,Normale
OF-00199,PRD-021,MCH-005,CMP-0050,2026-03-30 07:48,2026-04-03 13:36,20000,Planifié,Critique
OF-00200,PRD-022,MCH-014,CMP-0051,2026-01-06 00:00,2026-01-08 03:12,5000,Terminé,Critique
OF-00201,PRD-022,MCH-014,CMP-0051,2026-01-15 03:12,2026-01-17 06:24,5000,Planifié,Haute
OF-00202,PRD-022,MCH-004,CMP-0051,2026-01-27 06:24,2026-01-28 05:18,15000,Confirmé,Haute
OF-00203,PRD-022,MCH-009,CMP-0051,2026-01-31 05:18,2026-02-03 13:24,15000,Planifié,Haute
OF-00204,PRD-022,MCH-004,CMP-0052,2026-02-09 13:24,2026-02-10 12:18,15000,Terminé,Normale
OF-00205,PRD-022,MCH-009,CMP-0052,2026-02-16 12:18,2026-02-17 18:24,5000,Planifié,Normale
OF-00206,PRD-022,MCH-009,CMP-0052,2026-02-19 18:24,2026-02-22 01:30,10000,En cours,Critique
OF-00207,PRD-022,MCH-004,CMP-0052,2026-02-23 01:30,2026-02-23 19:24,10000,Confirmé,Haute
OF-00208,PRD-023,MCH-016,CMP-0053,2026-01-16 00:00,2026-01-16 09:42,2000,Confirmé,Normale
OF-00209,PRD-023,MCH-006,CMP-0053,2026-01-24 09:42,2026-01-24 17:06,1000,Confirmé,Normale
OF-00210,PRD-023,MCH-001,CMP-0053,2026-01-29 17:06,2026-01-29 23:00,2000,Planifié,Normale
OF-00211,PRD-023,MCH-011,CMP-0053,2026-01-31 23:00,2026-02-01 16:06,1000,Terminé,Normale
OF-00212,PRD-023,MCH-001,CMP-0054,2026-02-03 16:06,2026-02-03 22:00,2000,Confirmé,Critique
OF-00213,PRD-023,MCH-001,CMP-0054,2026-02-11 22:00,2026-02-12 03:54,2000,Terminé,Normale
OF-00214,PRD-023,MCH-016,CMP-0054,2026-02-22 03:54,2026-02-22 12:36,1000,Planifié,Haute
OF-00215,PRD-023,MCH-006,CMP-0054,2026-02-26 12:36,2026-02-27 01:00,2000,Confirmé,Critique
OF-00216,PRD-023,MCH-011,CMP-0055,2026-03-08 01:00,2026-03-09 14:06,3000,Planifié,Normale
OF-00217,PRD-023,MCH-001,CMP-0055,2026-03-11 14:06,2026-03-11 20:00,2000,Confirmé,Haute
OF-00218,PRD-023,MCH-001,CMP-0055,2026-03-14 20:00,2026-03-15 01:54,2000,Planifié,Normale
OF-00219,PRD-023,MCH-016,CMP-0055,2026-03-20 01:54,2026-03-20 10:36,1000,Planifié,Normale
OF-00220,PRD-024,MCH-016,CMP-0056,2026-01-03 00:00,2026-01-03 08:42,1000,Planifié,Haute
OF-00221,PRD-024,MCH-016,CMP-0056,2026-01-11 08:42,2026-01-11 19:24,3000,Planifié,Critique
OF-00222,PRD-024,MCH-016,CMP-0056,2026-01-20 19:24,2026-01-21 04:06,1000,Planifié,Haute
OF-00223,PRD-024,MCH-006,CMP-0056,2026-01-27 04:06,2026-01-27 16:30,2000,Planifié,Haute
OF-00224,PRD-024,MCH-011,CMP-0057,2026-02-04 16:30,2026-02-05 09:36,1000,Terminé,Critique
OF-00225,PRD-024,MCH-006,CMP-0057,2026-02-06 09:36,2026-02-07 03:00,3000,Confirmé,Normale
OF-00226,PRD-024,MCH-016,CMP-0057,2026-02-13 03:00,2026-02-13 13:42,3000,Planifié,Normale
OF-00227,PRD-024,MCH-016,CMP-0057,2026-02-20 13:42,2026-02-21 00:24,3000,Confirmé,Haute
OF-00228,PRD-024,MCH-006,CMP-0058,2026-03-03 00:24,2026-03-03 12:48,2000,Planifié,Haute
OF-00229,PRD-024,MCH-006,CMP-0058,2026-03-04 12:48,2026-03-04 20:12,1000,Terminé,Haute
OF-00230,PRD-025,MCH-007,CMP-0058,2026-01-07 00:00,2026-01-07 16:48,5000,Planifié,Normale
OF-00231,PRD-025,MCH-007,CMP-0058,2026-01-14 16:48,2026-01-16 05:36,15000,Planifié,Critique
OF-00232,PRD-025,MCH-012,CMP-0059,2026-01-21 05:36,2026-01-22 18:12,15000,Terminé,Normale
OF-00233,PRD-025,MCH-017,CMP-0059,2026-01-24 18:12,2026-01-26 05:24,15000,Planifié,Haute
OF-00234,PRD-025,MCH-017,CMP-0059,2026-01-31 05:24,2026-01-31 20:36,5000,En cours,Critique
OF-00235,PRD-025,MCH-017,CMP-0059,2026-02-10 20:36,2026-02-11 11:48,5000,Confirmé,Normale
OF-00236,PRD-025,MCH-002,CMP-0060,2026-02-21 11:48,2026-02-22 00:48,5000,Confirmé,Normale
OF-00237,PRD-025,MCH-012,CMP-0060,2026-02-27 00:48,2026-02-28 03:24,10000,Planifié,Critique
OF-00238,PRD-026,MCH-004,CMP-0060,2026-01-02 00:00,2026-01-02 17:54,10000,Confirmé,Critique
OF-00239,PRD-026,MCH-014,CMP-0060,2026-01-12 17:54,2026-01-19 01:06,15000,Confirmé,Haute
OF-00240,PRD-026,MCH-014,CMP-0061,2026-01-25 01:06,2026-01-27 04:18,5000,Planifié,Haute
OF-00241,PRD-026,MCH-009,CMP-0061,2026-02-01 04:18,2026-02-02 10:24,5000,Planifié,Haute
OF-00242,PRD-026,MCH-009,CMP-0061,2026-02-07 10:24,2026-02-09 17:30,10000,Terminé,Critique
OF-00243,PRD-026,MCH-004,CMP-0061,2026-02-11 17:30,2026-02-12 06:24,5000,Planifié,Critique
OF-00244,PRD-026,MCH-009,CMP-0062,2026-02-20 06:24,2026-02-22 13:30,10000,En cours,Critique
OF-00245,PRD-026,MCH-004,CMP-0062,2026-02-24 13:30,2026-02-25 07:24,10000,Planifié,Haute
OF-00246,PRD-026,MCH-014,CMP-0062,2026-03-05 07:24,2026-03-09 12:36,10000,Terminé,Critique
OF-00247,PRD-026,MCH-004,CMP-0062,2026-03-12 12:36,2026-03-13 06:30,10000,En cours,Haute
OF-00248,PRD-026,MCH-014,CMP-0063,2026-03-16 06:30,2026-03-22 13:42,15000,Planifié,Normale
OF-00249,PRD-026,MCH-004,CMP-0063,2026-03-26 13:42,2026-03-27 02:36,5000,Planifié,Normale
OF-00250,PRD-026,MCH-014,CMP-0063,2026-04-02 02:36,2026-04-04 05:48,5000,Planifié,Haute
OF-00251,PRD-027,MCH-001,CMP-0063,2026-01-21 00:00,2026-01-21 16:54,7500,Planifié,Haute
OF-00252,PRD-027,MCH-016,CMP-0064,2026-01-29 16:54,2026-01-30 03:06,2500,Terminé,Haute
OF-00253,PRD-027,MCH-011,CMP-0064,2026-02-09 03:06,2026-02-11 12:12,5000,Planifié,Haute
OF-00254,PRD-027,MCH-011,CMP-0064,2026-02-13 12:12,2026-02-14 20:18,2500,Planifié,Normale
OF-00255,PRD-027,MCH-006,CMP-0064,2026-02-24 20:18,2026-02-25 11:12,2500,Confirmé,Critique
OF-00256,PRD-027,MCH-011,CMP-0065,2026-03-01 11:12,2026-03-04 21:18,7500,Confirmé,Normale
OF-00257,PRD-027,MCH-016,CMP-0065,2026-03-05 21:18,2026-03-06 07:30,2500,Confirmé,Critique
OF-00258,PRD-027,MCH-006,CMP-0065,2026-03-07 07:30,2026-03-08 10:54,5000,Confirmé,Haute
OF-00259,PRD-027,MCH-016,CMP-0065,2026-03-13 10:54,2026-03-13 23:36,5000,Terminé,Haute
OF-00260,PRD-027,MCH-006,CMP-0066,2026-03-18 23:36,2026-03-20 03:00,5000,Planifié,Critique
OF-00261,PRD-027,MCH-016,CMP-0066,2026-03-30 03:00,2026-03-30 18:12,7500,Planifié,Critique
OF-00262,PRD-027,MCH-011,CMP-0066,2026-04-05 18:12,2026-04-08 03:18,5000,Confirmé,Haute
OF-00263,PRD-028,MCH-012,CMP-0066,2026-01-09 00:00,2026-01-10 02:36,10000,Planifié,Critique
OF-00264,PRD-028,MCH-007,CMP-0067,2026-01-15 02:36,2026-01-15 19:24,5000,Confirmé,Normale
OF-00265,PRD-028,MCH-017,CMP-0067,2026-01-16 19:24,2026-01-18 06:36,15000,Planifié,Normale
OF-00266,PRD-028,MCH-017,CMP-0067,2026-01-19 06:36,2026-01-20 07:48,10000,Planifié,Haute
OF-00267,PRD-028,MCH-017,CMP-0067,2026-01-27 07:48,2026-01-28 19:00,15000,Planifié,Critique
OF-00268,PRD-028,MCH-007,CMP-0068,2026-02-07 19:00,2026-02-08 21:48,10000,En cours,Normale
OF-00269,PRD-028,MCH-017,CMP-0068,2026-02-17 21:48,2026-02-19 09:00,15000,Planifié,Haute
OF-00270,PRD-028,MCH-007,CMP-0068,2026-02-22 09:00,2026-02-23 11:48,10000,Planifié,Normale
OF-00271,PRD-028,MCH-007,CMP-0068,2026-02-28 11:48,2026-03-02 00:36,15000,Terminé,Critique
OF-00272,PRD-028,MCH-007,CMP-0069,2026-03-04 00:36,2026-03-05 03:24,10000,Planifié,Haute
OF-00273,PRD-028,MCH-012,CMP-0069,2026-03-12 03:24,2026-03-13 06:00,10000,Planifié,Haute
OF-00274,PRD-029,MCH-004,CMP-0069,2026-01-16 00:00,2026-01-17 13:54,30000,Confirmé,Critique
OF-00275,PRD-029,MCH-009,CMP-0069,2026-01-19 13:54,2026-01-21 21:00,10000,Confirmé,Critique
OF-00276,PRD-029,MCH-014,CMP-0070,2026-01-28 21:00,2026-02-06 06:12,20000,Confirmé,Normale
OF-00277,PRD-029,MCH-004,CMP-0070,2026-02-09 06:12,2026-02-10 10:06,20000,Confirmé,Critique
OF-00278,PRD-029,MCH-004,CMP-0070,2026-02-18 10:06,2026-02-19 14:00,20000,Terminé,Normale
OF-00279,PRD-029,MCH-009,CMP-0070,2026-02-21 14:00,2026-02-25 23:06,20000,Confirmé,Normale
OF-00280,PRD-029,MCH-014,CMP-0071,2026-03-03 23:06,2026-03-08 04:18,10000,Planifié,Haute
OF-00281,PRD-030,MCH-004,CMP-0071,2026-01-19 00:00,2026-01-19 17:54,10000,En cours,Normale
OF-00282,PRD-030,MCH-014,CMP-0071,2026-01-22 17:54,2026-01-26 23:06,10000,Confirmé,Haute
OF-00283,PRD-030,MCH-009,CMP-0071,2026-02-02 23:06,2026-02-05 06:12,10000,Planifié,Critique
OF-00284,PRD-030,MCH-014,CMP-0072,2026-02-09 06:12,2026-02-13 11:24,10000,Terminé,Haute
OF-00285,PRD-030,MCH-004,CMP-0072,2026-02-22 11:24,2026-02-23 00:18,5000,Confirmé,Critique
OF-00286,PRD-030,MCH-004,CMP-0072,2026-02-27 00:18,2026-02-27 23:12,15000,Terminé,Haute
OF-00287,PRD-030,MCH-004,CMP-0072,2026-03-02 23:12,2026-03-03 17:06,10000,Confirmé,Haute
OF-00288,PRD-030,MCH-004,CMP-0073,2026-03-06 17:06,2026-03-07 06:00,5000,Planifié,Haute
OF-00289,PRD-031,MCH-014,CMP-0073,2026-01-20 00:00,2026-01-24 05:12,10000,Confirmé,Critique
OF-00290,PRD-031,MCH-009,CMP-0073,2026-01-27 05:12,2026-01-29 12:18,10000,Planifié,Normale
OF-00291,PRD-031,MCH-009,CMP-0073,2026-02-01 12:18,2026-02-02 18:24,5000,Planifié,Critique
OF-00292,PRD-031,MCH-004,CMP-0074,2026-02-05 18:24,2026-02-06 17:18,15000,Planifié,Critique
OF-00293,PRD-031,MCH-004,CMP-0074,2026-02-09 17:18,2026-02-10 11:12,10000,En cours,Normale
OF-00294,PRD-031,MCH-014,CMP-0074,2026-02-17 11:12,2026-02-21 16:24,10000,En cours,Critique
OF-00295,PRD-031,MCH-014,CMP-0074,2026-02-22 16:24,2026-02-24 19:36,5000,Confirmé,Critique
OF-00296,PRD-031,MCH-004,CMP-0075,2026-02-25 19:36,2026-02-26 18:30,15000,Planifié,Haute
OF-00297,PRD-031,MCH-004,CMP-0075,2026-03-05 18:30,2026-03-06 17:24,15000,Planifié,Critique
OF-00298,PRD-031,MCH-004,CMP-0075,2026-03-09 17:24,2026-03-10 16:18,15000,Confirmé,Normale
OF-00299,PRD-031,MCH-009,CMP-0075,2026-03-15 16:18,2026-03-19 00:24,15000,Planifié,Critique
OF-00300,PRD-031,MCH-014,CMP-0076,2026-03-24 00:24,2026-03-30 07:36,15000,En cours,Haute
OF-00301,PRD-031,MCH-014,CMP-0076,2026-04-01 07:36,2026-04-07 14:48,15000,Confirmé,Haute
OF-00302,PRD-031,MCH-004,CMP-0076,2026-04-09 14:48,2026-04-10 08:42,10000,Planifié,Normale
OF-00303,PRD-032,MCH-013,CMP-0076,2026-01-07 00:00,2026-01-09 19:06,30000,Confirmé,Normale
OF-00304,PRD-032,MCH-018,CMP-0077,2026-01-10 19:06,2026-01-19 07:42,10000,Confirmé,Haute
OF-00305,PRD-032,MCH-008,CMP-0077,2026-01-25 07:42,2026-01-25 23:36,10000,Planifié,Normale
OF-00306,PRD-032,MCH-018,CMP-0077,2026-01-27 23:36,2026-02-05 12:12,10000,Terminé,Critique
OF-00307,PRD-032,MCH-003,CMP-0077,2026-02-07 12:12,2026-02-24 11:24,20000,Confirmé,Haute
OF-00308,PRD-032,MCH-013,CMP-0078,2026-03-01 11:24,2026-03-03 10:30,20000,Planifié,Normale
OF-00309,PRD-032,MCH-013,CMP-0078,2026-03-04 10:30,2026-03-06 09:36,20000,Terminé,Haute
OF-00310,PRD-032,MCH-003,CMP-0078,2026-03-13 09:36,2026-03-22 00:48,10000,Terminé,Normale
OF-00311,PRD-032,MCH-008,CMP-0078,2026-03-23 00:48,2026-03-24 12:42,30000,Confirmé,Haute
OF-00312,PRD-032,MCH-018,CMP-0079,2026-03-30 12:42,2026-04-24 17:18,30000,Planifié,Critique
OF-00313,PRD-032,MCH-013,CMP-0079,2026-04-26 17:18,2026-04-28 16:24,20000,Planifié,Haute
OF-00314,PRD-032,MCH-018,CMP-0079,2026-05-05 16:24,2026-05-22 13:00,20000,Terminé,Critique
OF-00315,PRD-032,MCH-018,CMP-0079,2026-05-30 13:00,2026-06-24 17:36,30000,Terminé,Normale
OF-00316,PRD-032,MCH-008,CMP-0080,2026-06-26 17:36,2026-06-28 05:30,30000,En cours,Normale
OF-00317,PRD-033,MCH-010,CMP-0080,2026-01-19 00:00,2026-01-19 10:00,1500,Confirmé,Normale
OF-00318,PRD-033,MCH-010,CMP-0080,2026-01-29 10:00,2026-01-29 17:30,1000,Confirmé,Critique
OF-00319,PRD-033,MCH-010,CMP-0080,2026-02-01 17:30,2026-02-02 01:00,1000,Planifié,Haute
OF-00320,PRD-033,MCH-005,CMP-0081,2026-02-10 01:00,2026-02-10 05:18,500,Planifié,Haute
OF-00321,PRD-033,MCH-015,CMP-0081,2026-02-11 05:18,2026-02-11 10:36,1500,Confirmé,Critique
OF-00322,PRD-033,MCH-015,CMP-0081,2026-02-21 10:36,2026-02-21 15:54,1500,Planifié,Critique
OF-00323,PRD-033,MCH-015,CMP-0081,2026-02-27 15:54,2026-02-27 21:12,1500,Confirmé,Critique
OF-00324,PRD-033,MCH-010,CMP-0082,2026-03-01 21:12,2026-03-02 07:12,1500,En cours,Haute
OF-00325,PRD-033,MCH-015,CMP-0082,2026-03-08 07:12,2026-03-08 12:30,1500,Confirmé,Normale
OF-00326,PRD-033,MCH-015,CMP-0082,2026-03-17 12:30,2026-03-17 16:48,500,Planifié,Normale
OF-00327,PRD-033,MCH-010,CMP-0082,2026-03-26 16:48,2026-03-27 00:18,1000,Terminé,Normale
OF-00328,PRD-033,MCH-010,CMP-0083,2026-04-04 00:18,2026-04-04 05:18,500,Planifié,Haute
OF-00329,PRD-034,MCH-015,CMP-0083,2026-01-08 00:00,2026-01-08 18:48,15000,Planifié,Normale
OF-00330,PRD-034,MCH-010,CMP-0083,2026-01-10 18:48,2026-01-12 23:18,10000,Terminé,Haute
OF-00331,PRD-034,MCH-010,CMP-0083,2026-01-14 23:18,2026-01-17 03:48,10000,Planifié,Haute
OF-00332,PRD-034,MCH-005,CMP-0084,2026-01-18 03:48,2026-01-20 07:36,10000,Confirmé,Critique
OF-00333,PRD-034,MCH-005,CMP-0084,2026-01-29 07:36,2026-01-30 10:24,5000,En cours,Critique
OF-00334,PRD-034,MCH-015,CMP-0084,2026-02-04 10:24,2026-02-05 05:12,15000,Planifié,Critique
OF-00335,PRD-034,MCH-010,CMP-0084,2026-02-13 05:12,2026-02-15 09:42,10000,Terminé,Normale
OF-00336,PRD-034,MCH-010,CMP-0085,2026-02-23 09:42,2026-02-26 15:12,15000,En cours,Critique
OF-00337,PRD-034,MCH-015,CMP-0085,2026-03-06 15:12,2026-03-07 10:00,15000,Planifié,Haute
OF-00338,PRD-034,MCH-005,CMP-0085,2026-03-09 10:00,2026-03-12 14:48,15000,Planifié,Haute
OF-00339,PRD-034,MCH-015,CMP-0085,2026-03-18 14:48,2026-03-19 04:36,10000,Confirmé,Haute
OF-00340,PRD-034,MCH-005,CMP-0086,2026-03-21 04:36,2026-03-22 07:24,5000,Confirmé,Critique
OF-00341,PRD-034,MCH-005,CMP-0086,2026-03-29 07:24,2026-03-31 11:12,10000,Confirmé,Normale
OF-00342,PRD-034,MCH-010,CMP-0086,2026-04-02 11:12,2026-04-03 14:42,5000,Confirmé,Normale
OF-00343,PRD-035,MCH-001,CMP-0086,2026-01-14 00:00,2026-01-16 13:54,30000,Terminé,Critique
OF-00344,PRD-035,MCH-016,CMP-0087,2026-01-18 13:54,2026-01-19 17:36,20000,Confirmé,Critique
OF-00345,PRD-035,MCH-016,CMP-0087,2026-01-22 17:36,2026-01-23 11:18,10000,Confirmé,Normale
OF-00346,PRD-035,MCH-016,CMP-0087,2026-02-01 11:18,2026-02-03 01:00,30000,Confirmé,Critique
OF-00347,PRD-035,MCH-006,CMP-0087,2026-02-06 01:00,2026-02-12 09:24,30000,Terminé,Normale
OF-00348,PRD-035,MCH-011,CMP-0088,2026-02-19 09:24,2026-03-04 04:30,30000,Terminé,Haute
OF-00349,PRD-035,MCH-006,CMP-0088,2026-03-14 04:30,2026-03-18 10:54,20000,Planifié,Haute
