ref_absence,matricule,type_absence,date_debut,date_fin
ABS-00001,EMP-0001,RTT,2027-01-07,2027-03-23
ABS-00002,EMP-0001,RTT,2027-06-08,2027-06-10
ABS-00003,EMP-0001,Maladie,2027-01-25,2027-03-06
ABS-00004,EMP-0001,Formation,2026-06-03,2026-06-05
ABS-00005,EMP-0002,RTT,2027-03-06,2027-03-16
ABS-00006,EMP-0003,Formation,2026-07-05,2026-07-07
ABS-00007,EMP-0003,Congés payés,2026-01-04,2026-01-07
ABS-00008,EMP-0003,Congé maternité/paternité,2027-04-15,2027-04-20
ABS-00009,EMP-0004,RTT,2027-05-21,2027-05-28
ABS-00010,EMP-0005,Congé maternité/paternité,2027-02-24,2027-03-03
ABS-00011,EMP-0005,Maladie,2026-01-07,2026-01-14
ABS-00012,EMP-0005,Congés payés,2026-08-01,2026-09-09
ABS-00013,EMP-0005,Congés payés,2026-12-24,2027-03-18
ABS-00014,EMP-0006,Congés payés,2026-11-02,2026-11-03
ABS-00015,EMP-0006,Formation,2026-04-22,2026-04-24
ABS-00016,EMP-0006,Congé maternité/paternité,2026-10-19,2026-10-29
ABS-00017,EMP-0006,Congé maternité/paternité,2026-07-01,2026-07-11
ABS-00018,EMP-0006,Maladie,2027-01-04,2027-01-05
ABS-00019,EMP-0007,RTT,2027-01-13,2027-01-14
ABS-00020,EMP-0007,Congés payés,2026-03-08,2026-03-10
ABS-00021,EMP-0007,Congé maternité/paternité,2026-10-09,2026-10-14
ABS-00022,EMP-0008,Congé maternité/paternité,2026-08-03,2026-08-04
ABS-00023,EMP-0008,Congé maternité/paternité,2026-03-31,2026-04-10
ABS-00024,EMP-0009,Maladie,2027-03-14,2027-03-17
ABS-00025,EMP-0009,Maladie,2027-06-23,2027-06-30
ABS-00026,EMP-0009,Congé maternité/paternité,2026-05-13,2026-05-18
ABS-00027,EMP-0010,Formation,2027-05-20,2027-05-27
ABS-00028,EMP-0010,Congés payés,2026-10-25,2026-10-26
ABS-00029,EMP-0010,Formation,2026-01-25,2026-01-26
ABS-00030,EMP-0010,Maladie,2027-03-01,2027-03-04
ABS-00031,EMP-0011,Maladie,2026-08-06,2026-09-17
ABS-00032,EMP-0011,Maladie,2026-09-18,2026-09-21
ABS-00033,EMP-0011,Congés payés,2027-06-03,2027-06-04
ABS-00034,EMP-0011,Congé maternité/paternité,2026-12-08,2026-12-18
ABS-00035,EMP-0011,Maladie,2026-01-30,2026-02-01
ABS-00036,EMP-0012,Formation,2027-05-06,2027-05-07
ABS-00037,EMP-0012,Congé maternité/paternité,2027-05-09,2027-05-14
ABS-00038,EMP-0012,Congés payés,2026-12-10,2026-12-15
ABS-00039,EMP-0013,Maladie,2026-11-03,2026-11-13
ABS-00040,EMP-0013,Maladie,2026-01-20,2026-01-30
ABS-00041,EMP-0013,Maladie,2026-12-29,2027-02-06
ABS-00042,EMP-0013,Congé maternité/paternité,2026-02-01,2026-02-06
ABS-00043,EMP-0013,Formation,2026-06-19,2026-06-24
ABS-00044,EMP-0014,Maladie,2026-04-30,2026-05-03
ABS-00045,EMP-0014,RTT,2026-02-02,2026-02-03
ABS-00046,EMP-0014,Formation,2026-09-01,2026-09-04
ABS-00047,EMP-0014,Maladie,2027-06-22,2027-06-23
ABS-00048,EMP-0014,RTT,2026-02-08,2026-02-09
ABS-00049,EMP-0015,Formation,2026-01-26,2026-02-02
ABS-00050,EMP-0015,Congé maternité/paternité,2026-07-14,2026-07-19
ABS-00051,EMP-0015,Congés payés,2026-11-14,2026-11-16
ABS-00052,EMP-0015,Formation,2027-06-13,2027-06-15
ABS-00053,EMP-0015,Congé maternité/paternité,2026-02-07,2026-02-17
ABS-00054,EMP-0016,Congé maternité/paternité,2026-01-05,2026-01-06
ABS-00055,EMP-0017,Congés payés,2026-12-08,2026-12-09
ABS-00056,EMP-0018,Maladie,2026-11-16,2027-02-02
ABS-00057,EMP-0018,Maladie,2026-08-03,2026-08-05
ABS-00058,EMP-0018,Congés payés,2026-10-11,2026-10-16
ABS-00059,EMP-0018,Congés payés,2026-10-07,2026-10-10
ABS-00060,EMP-0018,Congé maternité/paternité,2026-01-16,2026-01-23
ABS-00061,EMP-0019,Maladie,2026-07-31,2026-08-07
ABS-00062,EMP-0020,Congé maternité/paternité,2026-05-25,2026-05-28
ABS-00063,EMP-0020,Congé maternité/paternité,2026-09-08,2026-09-11
ABS-00064,EMP-0020,Formation,2026-12-13,2026-12-14
ABS-00065,EMP-0021,Congés payés,2027-04-28,2027-04-29
ABS-00066,EMP-0022,Formation,2026-02-25,2026-04-21
ABS-00067,EMP-0022,Maladie,2027-04-02,2027-04-05
ABS-00068,EMP-0022,Congé maternité/paternité,2026-07-22,2026-08-01
ABS-00069,EMP-0022,Congé maternité/paternité,2026-03-22,2026-03-27
ABS-00070,EMP-0023,RTT,2026-04-06,2026-04-16
ABS-00071,EMP-0023,RTT,2026-04-10,2026-04-20
ABS-00072,EMP-0024,Congé maternité/paternité,2026-08-26,2026-08-28
ABS-00073,EMP-0024,Formation,2026-09-22,2026-09-27
ABS-00074,EMP-0024,RTT,2026-12-05,2026-12-08
ABS-00075,EMP-0024,Congés payés,2027-05-15,2027-07-14
ABS-00076,EMP-0025,Maladie,2027-05-06,2027-05-08
ABS-00077,EMP-0025,Congé maternité/paternité,2026-12-23,2026-12-25
ABS-00078,EMP-0025,Congés payés,2026-04-16,2026-04-26
ABS-00079,EMP-0026,RTT,2026-03-14,2026-03-21
ABS-00080,EMP-0026,Congé maternité/paternité,2027-02-15,2027-02-17
ABS-00081,EMP-0026,RTT,2026-09-07,2026-09-12
ABS-00082,EMP-0027,Congé maternité/paternité,2026-12-15,2026-12-25
ABS-00083,EMP-0028,Congé maternité/paternité,2027-03-22,2027-03-25
ABS-00084,EMP-0028,Congés payés,2026-08-30,2026-09-09
ABS-00085,EMP-0028,RTT,2027-05-14,2027-05-21
ABS-00086,EMP-0028,Formation,2026-11-30,2026-12-05
ABS-00087,EMP-0029,Congé maternité/paternité,2027-02-20,2027-03-28
ABS-00088,EMP-0029,Congés payés,2027-01-24,2027-02-03
ABS-00089,EMP-0029,Congé maternité/paternité,2026-04-03,2026-04-05
ABS-00090,EMP-0030,Congé maternité/paternité,2026-05-31,2026-06-05
ABS-00091,EMP-0031,Formation,2027-02-04,2027-02-09
ABS-00092,EMP-0031,Maladie,2026-07-30,2026-08-02
ABS-00093,EMP-0031,Maladie,2026-11-08,2026-11-13
ABS-00094,EMP-0032,RTT,2026-01-09,2026-01-16
ABS-00095,EMP-0033,Congé maternité/paternité,2026-10-29,2027-01-24
ABS-00096,EMP-0033,Maladie,2026-02-24,2026-04-30
ABS-00097,EMP-0034,RTT,2026-10-16,2026-10-18
ABS-00098,EMP-0035,RTT,2027-02-08,2027-02-18
ABS-00099,EMP-0035,Formation,2027-02-20,2027-02-27
ABS-00100,EMP-0035,Congé maternité/paternité,2026-06-27,2026-06-29
ABS-00101,EMP-0035,RTT,2027-01-29,2027-02-01
ABS-00102,EMP-0035,Formation,2026-06-07,2026-06-17
ABS-00103,EMP-0036,Formation,2026-01-12,2026-02-12
ABS-00104,EMP-0036,Congés payés,2027-05-14,2027-05-16
ABS-00105,EMP-0037,Congé maternité/paternité,2027-03-02,2027-03-12
ABS-00106,EMP-0037,Congé maternité/paternité,2027-03-12,2027-03-17
ABS-00107,EMP-0038,Formation,2027-04-06,2027-04-08
ABS-00108,EMP-0038,RTT,2027-03-11,2027-03-18
ABS-00109,EMP-0038,RTT,2026-08-31,2026-09-03
ABS-00110,EMP-0038,Congé maternité/paternité,2027-01-11,2027-02-12
ABS-00111,EMP-0039,Congés payés,2027-01-13,2027-01-18
ABS-00112,EMP-0039,Maladie,2026-05-26,2026-06-02
ABS-00113,EMP-0039,Congé maternité/paternité,2027-04-22,2027-04-29
ABS-00114,EMP-0039,Congés payés,2026-04-01,2026-04-11
ABS-00115,EMP-0040,Congé maternité/paternité,2026-11-16,2026-11-19
ABS-00116,EMP-0040,RTT,2026-01-12,2026-01-19
ABS-00117,EMP-0040,Maladie,2026-12-06,2026-12-09
ABS-00118,EMP-0040,Congé maternité/paternité,2026-06-21,2026-09-18
ABS-00119,EMP-0040,Maladie,2026-11-08,2026-11-15
ABS-00120,EMP-0041,Congés payés,2027-04-30,2027-05-07
ABS-00121,EMP-0042,Formation,2026-01-28,2026-01-29
ABS-00122,EMP-0042,Maladie,2027-06-02,2027-08-21
ABS-00123,EMP-0042,Maladie,2026-09-16,2026-09-19
ABS-00124,EMP-0043,Formation,2026-01-15,2026-01-22
ABS-00125,EMP-0043,Formation,2026-06-04,2026-06-07
ABS-00126,EMP-0043,RTT,2026-09-25,2026-09-27
ABS-00127,EMP-0044,Congés payés,2027-06-25,2027-06-28
ABS-00128,EMP-0044,RTT,2026-05-29,2026-05-31
ABS-00129,EMP-0045,Formation,2027-01-28,2027-02-02
ABS-00130,EMP-0045,Congés payés,2026-08-04,2026-08-07
ABS-00131,EMP-0045,Congés payés,2026-09-28,2026-09-29
ABS-00132,EMP-0045,Maladie,2026-06-21,2026-06-26
ABS-00133,EMP-0046,RTT,2026-08-28,2026-09-07
ABS-00134,EMP-0046,RTT,2027-05-01,2027-05-08
ABS-00135,EMP-0046,RTT,2026-01-13,2026-01-18
ABS-00136,EMP-0046,Congés payés,2026-11-20,2026-11-30
ABS-00137,EMP-0047,Congé maternité/paternité,2026-12-29,2027-01-03
ABS-00138,EMP-0048,Maladie,2026-12-10,2026-12-11
ABS-00139,EMP-0048,Formation,2027-02-05,2027-02-15
ABS-00140,EMP-0048,Formation,2026-07-19,2026-07-29
ABS-00141,EMP-0049,Congés payés,2026-01-11,2026-01-12
ABS-00142,EMP-0049,RTT,2027-02-26,2027-04-03
ABS-00143,EMP-0049,Maladie,2026-12-26,2026-12-29
ABS-00144,EMP-0050,Congés payés,2026-02-04,2026-03-11
ABS-00145,EMP-0050,Congés payés,2026-08-11,2026-08-21
ABS-00146,EMP-0051,RTT,2026-03-30,2026-04-01
ABS-00147,EMP-0052,Formation,2026-07-09,2026-07-19
ABS-00148,EMP-0052,Congés payés,2026-09-17,2026-09-27
ABS-00149,EMP-0052,RTT,2027-04-10,2027-04-13
ABS-00150,EMP-0052,Maladie,2026-11-28,2026-11-29
ABS-00151,EMP-0052,Congés payés,2026-03-05,2026-03-08
ABS-00152,EMP-0053,RTT,2026-09-29,2026-09-30
ABS-00153,EMP-0053,RTT,2026-07-25,2026-07-27
ABS-00154,EMP-0053,Formation,2026-04-22,2026-04-27
ABS-00155,EMP-0054,Maladie,2026-04-19,2026-04-29
ABS-00156,EMP-0054,Congé maternité/paternité,2026-04-16,2026-05-20
ABS-00157,EMP-0054,RTT,2026-09-14,2026-09-15
ABS-00158,EMP-0054,Congés payés,2026-06-02,2026-06-03
ABS-00159,EMP-0054,Maladie,2027-02-04,2027-02-14
ABS-00160,EMP-0055,RTT,2026-01-04,2026-01-09
ABS-00161,EMP-0055,Congés payés,2027-03-23,2027-04-02
ABS-00162,EMP-0055,RTT,2026-08-20,2026-11-02
ABS-00163,EMP-0055,Maladie,2026-05-05,2026-05-08
ABS-00164,EMP-0056,Congés payés,2027-02-15,2027-04-27
ABS-00165,EMP-0056,Congés payés,2027-01-10,2027-01-13
ABS-00166,EMP-0056,Formation,2027-04-16,2027-04-19
ABS-00167,EMP-0057,Formation,2026-02-10,2026-02-20
ABS-00168,EMP-0057,Maladie,2026-11-03,2026-11-04
ABS-00169,EMP-0058,Formation,2026-03-28,2026-04-02
ABS-00170,EMP-0058,Congé maternité/paternité,2026-05-24,2026-06-24
ABS-00171,EMP-0058,Congé maternité/paternité,2026-09-02,2026-09-03
ABS-00172,EMP-0058,Congés payés,2026-11-12,2026-11-17
ABS-00173,EMP-0059,Congés payés,2026-12-14,2027-03-04
ABS-00174,EMP-0060,Congé maternité/paternité,2026-05-02,2026-05-12
ABS-00175,EMP-0060,Formation,2027-04-15,2027-04-22
ABS-00176,EMP-0060,Formation,2026-08-27,2026-08-28
ABS-00177,EMP-0060,Congé maternité/paternité,2027-05-16,2027-05-21
